{"International": 0.5019177676073301, "NaN": 0.5888368434226052, "American": 0.580094723426517, "Other": 0.6617346135683929, "International with US Degree": 0.4825660985102671}