{"MS": 0.7190943183326696, "PhD": 0.45414759226194473, "Other": 0.7660478957063909, "MFA": 0.4133883657938862, "MBA": 0.7333333286949726, "MA": 0.7572253862503731, "MEng": 0.6355870684496707}